date,mois,jour_semaine,annee,jour,trimestre,est_weekend,est_debut_mois,est_fin_mois,mois_sin,mois_cos,jour_semaine_sin,jour_semaine_cos,accidents_7j,accidents_30j,probabilite_accident,est_risque,niveau_risque
2026-01-01,1,3,2026,1,1,0,1,0,0.49999999999999994,0.8660254037844387,0.43388373911755823,-0.900968867902419,0,1,0.06187335396285898,False,Faible
2026-01-02,1,4,2026,2,1,0,1,0,0.49999999999999994,0.8660254037844387,-0.433883739117558,-0.9009688679024191,0,1,0.05450042392806445,False,Faible
2026-01-03,1,5,2026,3,1,1,1,0,0.49999999999999994,0.8660254037844387,-0.9749279121818236,-0.2225209339563146,0,1,0.11717266044254468,False,Faible
2026-01-04,1,6,2026,4,1,1,1,0,0.49999999999999994,0.8660254037844387,-0.7818314824680299,0.6234898018587334,0,1,0.19473421098908164,False,Faible
2026-01-05,1,0,2026,5,1,0,1,0,0.49999999999999994,0.8660254037844387,0.0,1.0,0,1,0.06951853047536284,False,Faible
2026-01-06,1,1,2026,6,1,0,1,0,0.49999999999999994,0.8660254037844387,0.7818314824680298,0.6234898018587336,0,1,0.1662609567696845,False,Faible
2026-01-07,1,2,2026,7,1,0,1,0,0.49999999999999994,0.8660254037844387,0.9749279121818236,-0.22252093395631434,0,1,0.15481280900862657,False,Faible
2026-01-08,1,3,2026,8,1,0,0,0,0.49999999999999994,0.8660254037844387,0.43388373911755823,-0.900968867902419,0,1,0.0772795135246415,False,Faible
2026-01-09,1,4,2026,9,1,0,0,0,0.49999999999999994,0.8660254037844387,-0.433883739117558,-0.9009688679024191,0,1,0.13394569889403,False,Faible
2026-01-10,1,5,2026,10,1,1,0,0,0.49999999999999994,0.8660254037844387,-0.9749279121818236,-0.2225209339563146,0,0,0.6232508314011411,True,Eleve
2026-01-11,1,6,2026,11,1,1,0,0,0.49999999999999994,0.8660254037844387,-0.7818314824680299,0.6234898018587334,1,1,0.14674593601469843,False,Faible
2026-01-12,1,0,2026,12,1,0,0,0,0.49999999999999994,0.8660254037844387,0.0,1.0,1,1,0.07679229785797448,False,Faible
2026-01-13,1,1,2026,13,1,0,0,0,0.49999999999999994,0.8660254037844387,0.7818314824680298,0.6234898018587336,1,1,0.11767312783083149,False,Faible
2026-01-14,1,2,2026,14,1,0,0,0,0.49999999999999994,0.8660254037844387,0.9749279121818236,-0.22252093395631434,1,1,0.03548558144652461,False,Faible
2026-01-15,1,3,2026,15,1,0,0,0,0.49999999999999994,0.8660254037844387,0.43388373911755823,-0.900968867902419,1,1,0.03213820054529325,False,Faible
2026-01-16,1,4,2026,16,1,0,0,0,0.49999999999999994,0.8660254037844387,-0.433883739117558,-0.9009688679024191,1,1,0.04031939780878698,False,Faible
2026-01-17,1,5,2026,17,1,1,0,0,0.49999999999999994,0.8660254037844387,-0.9749279121818236,-0.2225209339563146,1,1,0.059358684893561546,False,Faible
2026-01-18,1,6,2026,18,1,1,0,0,0.49999999999999994,0.8660254037844387,-0.7818314824680299,0.6234898018587334,0,1,0.4755338654607228,False,Modere
2026-01-19,1,0,2026,19,1,0,0,0,0.49999999999999994,0.8660254037844387,0.0,1.0,0,1,0.14534217116562936,False,Faible
2026-01-20,1,1,2026,20,1,0,0,0,0.49999999999999994,0.8660254037844387,0.7818314824680298,0.6234898018587336,0,1,0.09211246663125498,False,Faible
2026-01-21,1,2,2026,21,1,0,0,0,0.49999999999999994,0.8660254037844387,0.9749279121818236,-0.22252093395631434,0,1,0.06674879441897964,False,Faible
2026-01-22,1,3,2026,22,1,0,0,0,0.49999999999999994,0.8660254037844387,0.43388373911755823,-0.900968867902419,0,1,0.0772795135246415,False,Faible
2026-01-23,1,4,2026,23,1,0,0,0,0.49999999999999994,0.8660254037844387,-0.433883739117558,-0.9009688679024191,0,1,0.13394569889403002,False,Faible
2026-01-24,1,5,2026,24,1,1,0,0,0.49999999999999994,0.8660254037844387,-0.9749279121818236,-0.2225209339563146,0,1,0.14445957795646086,False,Faible
2026-01-25,1,6,2026,25,1,1,0,1,0.49999999999999994,0.8660254037844387,-0.7818314824680299,0.6234898018587334,0,1,0.07235623847720053,False,Faible
2026-01-26,1,0,2026,26,1,0,0,1,0.49999999999999994,0.8660254037844387,0.0,1.0,0,1,0.045541048348790115,False,Faible
2026-01-27,1,1,2026,27,1,0,0,1,0.49999999999999994,0.8660254037844387,0.7818314824680298,0.6234898018587336,0,1,0.0627549996485767,False,Faible
2026-01-28,1,2,2026,28,1,0,0,1,0.49999999999999994,0.8660254037844387,0.9749279121818236,-0.22252093395631434,0,1,0.05894728065996412,False,Faible
2026-01-29,1,3,2026,29,1,0,0,1,0.49999999999999994,0.8660254037844387,0.43388373911755823,-0.900968867902419,0,1,0.021404088204180247,False,Faible
2026-01-30,1,4,2026,30,1,0,0,1,0.49999999999999994,0.8660254037844387,-0.433883739117558,-0.9009688679024191,0,1,0.06018838807684447,False,Faible
2026-01-31,1,5,2026,31,1,1,0,1,0.49999999999999994,0.8660254037844387,-0.9749279121818236,-0.2225209339563146,0,1,0.05930268166703624,False,Faible
2026-02-01,2,6,2026,1,1,1,1,0,0.8660254037844386,0.5000000000000001,-0.7818314824680299,0.6234898018587334,0,1,0.07644270889700046,False,Faible
2026-02-02,2,0,2026,2,1,0,1,0,0.8660254037844386,0.5000000000000001,0.0,1.0,0,1,0.15201192267859479,False,Faible
2026-02-03,2,1,2026,3,1,0,1,0,0.8660254037844386,0.5000000000000001,0.7818314824680298,0.6234898018587336,0,1,0.1265161798807206,False,Faible
2026-02-04,2,2,2026,4,1,0,1,0,0.8660254037844386,0.5000000000000001,0.9749279121818236,-0.22252093395631434,0,1,0.25819329151381304,False,Faible
2026-02-05,2,3,2026,5,1,0,1,0,0.8660254037844386,0.5000000000000001,0.43388373911755823,-0.900968867902419,0,1,0.21803896372709758,False,Faible
2026-02-06,2,4,2026,6,1,0,1,0,0.8660254037844386,0.5000000000000001,-0.433883739117558,-0.9009688679024191,0,1,0.027252545408096344,False,Faible
2026-02-07,2,5,2026,7,1,1,1,0,0.8660254037844386,0.5000000000000001,-0.9749279121818236,-0.2225209339563146,0,1,0.042448938060833614,False,Faible
2026-02-08,2,6,2026,8,1,1,0,0,0.8660254037844386,0.5000000000000001,-0.7818314824680299,0.6234898018587334,0,1,0.23547370190660322,False,Faible
2026-02-09,2,0,2026,9,1,0,0,0,0.8660254037844386,0.5000000000000001,0.0,1.0,0,1,0.5102795465130051,False,Eleve
2026-02-10,2,1,2026,10,1,0,0,0,0.8660254037844386,0.5000000000000001,0.7818314824680298,0.6234898018587336,0,0,0.2665312163753421,False,Faible
2026-02-11,2,2,2026,11,1,0,0,0,0.8660254037844386,0.5000000000000001,0.9749279121818236,-0.22252093395631434,0,0,0.5660577481607362,True,Eleve
2026-02-12,2,3,2026,12,1,0,0,0,0.8660254037844386,0.5000000000000001,0.43388373911755823,-0.900968867902419,1,1,0.19520563363154,False,Faible
2026-02-13,2,4,2026,13,1,0,0,0,0.8660254037844386,0.5000000000000001,-0.433883739117558,-0.9009688679024191,1,1,0.050443383450465375,False,Faible
2026-02-14,2,5,2026,14,1,1,0,0,0.8660254037844386,0.5000000000000001,-0.9749279121818236,-0.2225209339563146,1,1,0.18882673721057672,False,Faible
2026-02-15,2,6,2026,15,1,1,0,0,0.8660254037844386,0.5000000000000001,-0.7818314824680299,0.6234898018587334,1,1,0.5995952713990204,True,Eleve
2026-02-16,2,0,2026,16,1,0,0,0,0.8660254037844386,0.5000000000000001,0.0,1.0,2,2,0.1270628192765521,False,Faible
2026-02-17,2,1,2026,17,1,0,0,0,0.8660254037844386,0.5000000000000001,0.7818314824680298,0.6234898018587336,2,2,0.14873077544544158,False,Faible
2026-02-18,2,2,2026,18,1,0,0,0,0.8660254037844386,0.5000000000000001,0.9749279121818236,-0.22252093395631434,2,2,0.058348678266206176,False,Faible
2026-02-19,2,3,2026,19,1,0,0,0,0.8660254037844386,0.5000000000000001,0.43388373911755823,-0.900968867902419,1,2,0.13663305616902216,False,Faible
2026-02-20,2,4,2026,20,1,0,0,0,0.8660254037844386,0.5000000000000001,-0.433883739117558,-0.9009688679024191,1,2,0.06811723458640785,False,Faible
2026-02-21,2,5,2026,21,1,1,0,0,0.8660254037844386,0.5000000000000001,-0.9749279121818236,-0.2225209339563146,1,2,0.5860681042444071,True,Eleve
2026-02-22,2,6,2026,22,1,1,0,0,0.8660254037844386,0.5000000000000001,-0.7818314824680299,0.6234898018587334,2,3,0.05434776415711862,False,Faible
2026-02-23,2,0,2026,23,1,0,0,0,0.8660254037844386,0.5000000000000001,0.0,1.0,1,3,0.11594573722888278,False,Faible
2026-02-24,2,1,2026,24,1,0,0,0,0.8660254037844386,0.5000000000000001,0.7818314824680298,0.6234898018587336,1,3,0.1228043922788145,False,Faible
2026-02-25,2,2,2026,25,1,0,0,1,0.8660254037844386,0.5000000000000001,0.9749279121818236,-0.22252093395631434,1,3,0.10227036144940417,False,Faible
2026-02-26,2,3,2026,26,1,0,0,1,0.8660254037844386,0.5000000000000001,0.43388373911755823,-0.900968867902419,1,3,0.05368812204710339,False,Faible
2026-02-27,2,4,2026,27,1,0,0,1,0.8660254037844386,0.5000000000000001,-0.433883739117558,-0.9009688679024191,1,3,0.011168656795958567,False,Faible
2026-02-28,2,5,2026,28,1,1,0,1,0.8660254037844386,0.5000000000000001,-0.9749279121818236,-0.2225209339563146,1,3,0.08543392350284792,False,Faible
2026-03-01,3,6,2026,1,1,1,1,0,1.0,6.123233995736766e-17,-0.7818314824680299,0.6234898018587334,0,3,0.003321591671991785,False,Faible
2026-03-02,3,0,2026,2,1,0,1,0,1.0,6.123233995736766e-17,0.0,1.0,0,3,0.05456980961806763,False,Faible
2026-03-03,3,1,2026,3,1,0,1,0,1.0,6.123233995736766e-17,0.7818314824680298,0.6234898018587336,0,3,0.11893145366986763,False,Faible
2026-03-04,3,2,2026,4,1,0,1,0,1.0,6.123233995736766e-17,0.9749279121818236,-0.22252093395631434,0,3,0.03385158571257438,False,Faible
2026-03-05,3,3,2026,5,1,0,1,0,1.0,6.123233995736766e-17,0.43388373911755823,-0.900968867902419,0,3,0.05769683875188418,False,Faible
2026-03-06,3,4,2026,6,1,0,1,0,1.0,6.123233995736766e-17,-0.433883739117558,-0.9009688679024191,0,3,0.0020022656471254596,False,Faible
2026-03-07,3,5,2026,7,1,1,1,0,1.0,6.123233995736766e-17,-0.9749279121818236,-0.2225209339563146,0,3,0.010618825607457801,False,Faible
2026-03-08,3,6,2026,8,1,1,0,0,1.0,6.123233995736766e-17,-0.7818314824680299,0.6234898018587334,0,3,0.0074430018219193185,False,Faible
2026-03-09,3,0,2026,9,1,0,0,0,1.0,6.123233995736766e-17,0.0,1.0,0,3,0.13071529693286493,False,Faible
2026-03-10,3,1,2026,10,1,0,0,0,1.0,6.123233995736766e-17,0.7818314824680298,0.6234898018587336,0,3,0.11600323748461877,False,Faible
2026-03-11,3,2,2026,11,1,0,0,0,1.0,6.123233995736766e-17,0.9749279121818236,-0.22252093395631434,0,3,0.027431417688287798,False,Faible
2026-03-12,3,3,2026,12,1,0,0,0,1.0,6.123233995736766e-17,0.43388373911755823,-0.900968867902419,0,3,0.06652860422109834,False,Faible
2026-03-13,3,4,2026,13,1,0,0,0,1.0,6.123233995736766e-17,-0.433883739117558,-0.9009688679024191,0,3,0.02002756923906205,False,Faible
2026-03-14,3,5,2026,14,1,1,0,0,1.0,6.123233995736766e-17,-0.9749279121818236,-0.2225209339563146,0,2,0.055536634013342065,False,Faible
2026-03-15,3,6,2026,15,1,1,0,0,1.0,6.123233995736766e-17,-0.7818314824680299,0.6234898018587334,0,2,0.011715766916145134,False,Faible
2026-03-16,3,0,2026,16,1,0,0,0,1.0,6.123233995736766e-17,0.0,1.0,0,2,0.25726139048017294,False,Faible
2026-03-17,3,1,2026,17,1,0,0,0,1.0,6.123233995736766e-17,0.7818314824680298,0.6234898018587336,0,2,0.24784986480168078,False,Faible
2026-03-18,3,2,2026,18,1,0,0,0,1.0,6.123233995736766e-17,0.9749279121818236,-0.22252093395631434,0,1,0.10361621392465245,False,Faible
2026-03-19,3,3,2026,19,1,0,0,0,1.0,6.123233995736766e-17,0.43388373911755823,-0.900968867902419,0,1,0.15374793496601763,False,Faible
2026-03-20,3,4,2026,20,1,0,0,0,1.0,6.123233995736766e-17,-0.433883739117558,-0.9009688679024191,0,1,0.05110748739273804,False,Faible
2026-03-21,3,5,2026,21,1,1,0,0,1.0,6.123233995736766e-17,-0.9749279121818236,-0.2225209339563146,0,1,0.12847472215537742,False,Faible
2026-03-22,3,6,2026,22,1,1,0,0,1.0,6.123233995736766e-17,-0.7818314824680299,0.6234898018587334,0,1,0.03532528695821363,False,Faible
2026-03-23,3,0,2026,23,1,0,0,0,1.0,6.123233995736766e-17,0.0,1.0,0,1,0.6126514906502926,True,Eleve
2026-03-24,3,1,2026,24,1,0,0,0,1.0,6.123233995736766e-17,0.7818314824680298,0.6234898018587336,1,1,0.20441544943370565,False,Faible
2026-03-25,3,2,2026,25,1,0,0,1,1.0,6.123233995736766e-17,0.9749279121818236,-0.22252093395631434,1,1,0.029787475865968686,False,Faible
2026-03-26,3,3,2026,26,1,0,0,1,1.0,6.123233995736766e-17,0.43388373911755823,-0.900968867902419,1,1,0.0242249807298465,False,Faible
2026-03-27,3,4,2026,27,1,0,0,1,1.0,6.123233995736766e-17,-0.433883739117558,-0.9009688679024191,1,1,0.01787645030541304,False,Faible
2026-03-28,3,5,2026,28,1,1,0,1,1.0,6.123233995736766e-17,-0.9749279121818236,-0.2225209339563146,1,1,0.155355440260898,False,Faible
2026-03-29,3,6,2026,29,1,1,0,1,1.0,6.123233995736766e-17,-0.7818314824680299,0.6234898018587334,1,1,0.020946926032193825,False,Faible
2026-03-30,3,0,2026,30,1,0,0,1,1.0,6.123233995736766e-17,0.0,1.0,1,1,0.0872139541498598,False,Faible
2026-03-31,3,1,2026,31,1,0,0,1,1.0,6.123233995736766e-17,0.7818314824680298,0.6234898018587336,0,1,0.29282638600128136,False,Faible
2026-04-01,4,2,2026,1,2,0,1,0,0.8660254037844387,-0.4999999999999998,0.9749279121818236,-0.22252093395631434,0,1,0.14106880003708527,False,Faible
2026-04-02,4,3,2026,2,2,0,1,0,0.8660254037844387,-0.4999999999999998,0.43388373911755823,-0.900968867902419,0,1,0.3143367998611929,False,Modere
2026-04-03,4,4,2026,3,2,0,1,0,0.8660254037844387,-0.4999999999999998,-0.433883739117558,-0.9009688679024191,0,1,0.056198096184512034,False,Faible
2026-04-04,4,5,2026,4,2,1,1,0,0.8660254037844387,-0.4999999999999998,-0.9749279121818236,-0.2225209339563146,0,1,0.01589057130611545,False,Faible
2026-04-05,4,6,2026,5,2,1,1,0,0.8660254037844387,-0.4999999999999998,-0.7818314824680299,0.6234898018587334,0,1,0.01929829988922488,False,Faible
2026-04-06,4,0,2026,6,2,0,1,0,0.8660254037844387,-0.4999999999999998,0.0,1.0,0,1,0.2180494415545529,False,Faible
2026-04-07,4,1,2026,7,2,0,1,0,0.8660254037844387,-0.4999999999999998,0.7818314824680298,0.6234898018587336,0,1,0.14618407857140261,False,Faible
2026-04-08,4,2,2026,8,2,0,0,0,0.8660254037844387,-0.4999999999999998,0.9749279121818236,-0.22252093395631434,0,1,0.1486622524613739,False,Faible
2026-04-09,4,3,2026,9,2,0,0,0,0.8660254037844387,-0.4999999999999998,0.43388373911755823,-0.900968867902419,0,1,0.5408590054607116,False,Eleve
2026-04-10,4,4,2026,10,2,0,0,0,0.8660254037844387,-0.4999999999999998,-0.433883739117558,-0.9009688679024191,0,1,0.15327912082328324,False,Faible
2026-04-11,4,5,2026,11,2,1,0,0,0.8660254037844387,-0.4999999999999998,-0.9749279121818236,-0.2225209339563146,0,1,0.046729606253522585,False,Faible
2026-04-12,4,6,2026,12,2,1,0,0,0.8660254037844387,-0.4999999999999998,-0.7818314824680299,0.6234898018587334,0,1,0.03139865269058427,False,Faible
2026-04-13,4,0,2026,13,2,0,0,0,0.8660254037844387,-0.4999999999999998,0.0,1.0,0,1,0.3930221557018114,False,Modere
2026-04-14,4,1,2026,14,2,0,0,0,0.8660254037844387,-0.4999999999999998,0.7818314824680298,0.6234898018587336,0,1,0.2935261859803413,False,Faible
2026-04-15,4,2,2026,15,2,0,0,0,0.8660254037844387,-0.4999999999999998,0.9749279121818236,-0.22252093395631434,0,1,0.1486622524613739,False,Faible
2026-04-16,4,3,2026,16,2,0,0,0,0.8660254037844387,-0.4999999999999998,0.43388373911755823,-0.900968867902419,0,1,0.5408590054607116,False,Eleve
2026-04-17,4,4,2026,17,2,0,0,0,0.8660254037844387,-0.4999999999999998,-0.433883739117558,-0.9009688679024191,0,1,0.15327912082328324,False,Faible
2026-04-18,4,5,2026,18,2,1,0,0,0.8660254037844387,-0.4999999999999998,-0.9749279121818236,-0.2225209339563146,0,1,0.046729606253522585,False,Faible
2026-04-19,4,6,2026,19,2,1,0,0,0.8660254037844387,-0.4999999999999998,-0.7818314824680299,0.6234898018587334,0,1,0.03139865269058427,False,Faible
2026-04-20,4,0,2026,20,2,0,0,0,0.8660254037844387,-0.4999999999999998,0.0,1.0,0,1,0.39302215570181137,False,Modere
2026-04-21,4,1,2026,21,2,0,0,0,0.8660254037844387,-0.4999999999999998,0.7818314824680298,0.6234898018587336,0,1,0.29352618598034136,False,Faible
2026-04-22,4,2,2026,22,2,0,0,0,0.8660254037844387,-0.4999999999999998,0.9749279121818236,-0.22252093395631434,0,1,0.1486622524613739,False,Faible
2026-04-23,4,3,2026,23,2,0,0,0,0.8660254037844387,-0.4999999999999998,0.43388373911755823,-0.900968867902419,0,0,0.5966003246805148,True,Eleve
2026-04-24,4,4,2026,24,2,0,0,0,0.8660254037844387,-0.4999999999999998,-0.433883739117558,-0.9009688679024191,1,1,0.05408733034755644,False,Faible
2026-04-25,4,5,2026,25,2,1,0,1,0.8660254037844387,-0.4999999999999998,-0.9749279121818236,-0.2225209339563146,1,1,0.022806318686832232,False,Faible
2026-04-26,4,6,2026,26,2,1,0,1,0.8660254037844387,-0.4999999999999998,-0.7818314824680299,0.6234898018587334,1,1,0.00770976243171907,False,Faible
2026-04-27,4,0,2026,27,2,0,0,1,0.8660254037844387,-0.4999999999999998,0.0,1.0,1,1,0.24602246333575764,False,Faible
2026-04-28,4,1,2026,28,2,0,0,1,0.8660254037844387,-0.4999999999999998,0.7818314824680298,0.6234898018587336,1,1,0.1323003309301871,False,Faible
2026-04-29,4,2,2026,29,2,0,0,1,0.8660254037844387,-0.4999999999999998,0.9749279121818236,-0.22252093395631434,1,1,0.041301192279862335,False,Faible
2026-04-30,4,3,2026,30,2,0,0,1,0.8660254037844387,-0.4999999999999998,0.43388373911755823,-0.900968867902419,1,1,0.04900558754835893,False,Faible
2026-05-01,5,4,2026,1,2,0,1,0,0.49999999999999994,-0.8660254037844387,-0.433883739117558,-0.9009688679024191,0,1,0.10421883796549192,False,Faible
2026-05-02,5,5,2026,2,2,1,1,0,0.49999999999999994,-0.8660254037844387,-0.9749279121818236,-0.2225209339563146,0,1,0.05298163382912713,False,Faible
2026-05-03,5,6,2026,3,2,1,1,0,0.49999999999999994,-0.8660254037844387,-0.7818314824680299,0.6234898018587334,0,1,0.05886734292354512,False,Faible
2026-05-04,5,0,2026,4,2,0,1,0,0.49999999999999994,-0.8660254037844387,0.0,1.0,0,1,0.5768251737788674,True,Eleve
2026-05-05,5,1,2026,5,2,0,1,0,0.49999999999999994,-0.8660254037844387,0.7818314824680298,0.6234898018587336,1,2,0.12624157839843414,False,Faible
2026-05-06,5,2,2026,6,2,0,1,0,0.49999999999999994,-0.8660254037844387,0.9749279121818236,-0.22252093395631434,1,2,0.1307904618082872,False,Faible
2026-05-07,5,3,2026,7,2,0,1,0,0.49999999999999994,-0.8660254037844387,0.43388373911755823,-0.900968867902419,1,2,0.13241490851455012,False,Faible
2026-05-08,5,4,2026,8,2,0,0,0,0.49999999999999994,-0.8660254037844387,-0.433883739117558,-0.9009688679024191,1,2,0.013278847225020176,False,Faible
2026-05-09,5,5,2026,9,2,1,0,0,0.49999999999999994,-0.8660254037844387,-0.9749279121818236,-0.2225209339563146,1,2,0.010177786852574434,False,Faible
2026-05-10,5,6,2026,10,2,1,0,0,0.49999999999999994,-0.8660254037844387,-0.7818314824680299,0.6234898018587334,1,2,0.002737102661033656,False,Faible
2026-05-11,5,0,2026,11,2,0,0,0,0.49999999999999994,-0.8660254037844387,0.0,1.0,1,2,0.12244954408477478,False,Faible
2026-05-12,5,1,2026,12,2,0,0,0,0.49999999999999994,-0.8660254037844387,0.7818314824680298,0.6234898018587336,0,2,0.30684492565944116,False,Modere
2026-05-13,5,2,2026,13,2,0,0,0,0.49999999999999994,-0.8660254037844387,0.9749279121818236,-0.22252093395631434,0,2,0.24571083290281617,False,Faible
2026-05-14,5,3,2026,14,2,0,0,0,0.49999999999999994,-0.8660254037844387,0.43388373911755823,-0.900968867902419,0,2,0.1244503261528302,False,Faible
2026-05-15,5,4,2026,15,2,0,0,0,0.49999999999999994,-0.8660254037844387,-0.433883739117558,-0.9009688679024191,0,2,0.04242397899637028,False,Faible
2026-05-16,5,5,2026,16,2,1,0,0,0.49999999999999994,-0.8660254037844387,-0.9749279121818236,-0.2225209339563146,0,2,0.029033424790201542,False,Faible
2026-05-17,5,6,2026,17,2,1,0,0,0.49999999999999994,-0.8660254037844387,-0.7818314824680299,0.6234898018587334,0,2,0.008744663637510511,False,Faible
2026-05-18,5,0,2026,18,2,0,0,0,0.49999999999999994,-0.8660254037844387,0.0,1.0,0,2,0.2270712796840698,False,Faible
2026-05-19,5,1,2026,19,2,0,0,0,0.49999999999999994,-0.8660254037844387,0.7818314824680298,0.6234898018587336,0,2,0.30684492565944127,False,Modere
2026-05-20,5,2,2026,20,2,0,0,0,0.49999999999999994,-0.8660254037844387,0.9749279121818236,-0.22252093395631434,0,2,0.24571083290281612,False,Faible
2026-05-21,5,3,2026,21,2,0,0,0,0.49999999999999994,-0.8660254037844387,0.43388373911755823,-0.900968867902419,0,2,0.1244503261528302,False,Faible
2026-05-22,5,4,2026,22,2,0,0,0,0.49999999999999994,-0.8660254037844387,-0.433883739117558,-0.9009688679024191,0,2,0.04242397899637028,False,Faible
2026-05-23,5,5,2026,23,2,1,0,0,0.49999999999999994,-0.8660254037844387,-0.9749279121818236,-0.2225209339563146,0,2,0.029033424790201542,False,Faible
2026-05-24,5,6,2026,24,2,1,0,0,0.49999999999999994,-0.8660254037844387,-0.7818314824680299,0.6234898018587334,0,1,0.05407131239952274,False,Faible
2026-05-25,5,0,2026,25,2,0,0,1,0.49999999999999994,-0.8660254037844387,0.0,1.0,0,1,0.24990733680410113,False,Faible
2026-05-26,5,1,2026,26,2,0,0,1,0.49999999999999994,-0.8660254037844387,0.7818314824680298,0.6234898018587336,0,1,0.5896264736934969,True,Eleve
2026-05-27,5,2,2026,27,2,0,0,1,0.49999999999999994,-0.8660254037844387,0.9749279121818236,-0.22252093395631434,1,2,0.08137139641222875,False,Faible
2026-05-28,5,3,2026,28,2,0,0,1,0.49999999999999994,-0.8660254037844387,0.43388373911755823,-0.900968867902419,1,2,0.06169085375127248,False,Faible
2026-05-29,5,4,2026,29,2,0,0,1,0.49999999999999994,-0.8660254037844387,-0.433883739117558,-0.9009688679024191,1,2,0.010272359030963145,False,Faible
2026-05-30,5,5,2026,30,2,1,0,1,0.49999999999999994,-0.8660254037844387,-0.9749279121818236,-0.2225209339563146,1,2,0.01063492546486031,False,Faible
2026-05-31,5,6,2026,31,2,1,0,1,0.49999999999999994,-0.8660254037844387,-0.7818314824680299,0.6234898018587334,1,2,0.002737102661033656,False,Faible
2026-06-01,6,0,2026,1,2,0,1,0,1.2246467991473532e-16,-1.0,0.0,1.0,1,2,0.030574310932754808,False,Faible
2026-06-02,6,1,2026,2,2,0,1,0,1.2246467991473532e-16,-1.0,0.7818314824680298,0.6234898018587336,1,2,0.0702368388674892,False,Faible
2026-06-03,6,2,2026,3,2,0,1,0,1.2246467991473532e-16,-1.0,0.9749279121818236,-0.22252093395631434,0,2,0.08424190095535253,False,Faible
2026-06-04,6,3,2026,4,2,0,1,0,1.2246467991473532e-16,-1.0,0.43388373911755823,-0.900968867902419,0,1,0.10284282191075311,False,Faible
2026-06-05,6,4,2026,5,2,0,1,0,1.2246467991473532e-16,-1.0,-0.433883739117558,-0.9009688679024191,0,1,0.11571149613139814,False,Faible
2026-06-06,6,5,2026,6,2,1,1,0,1.2246467991473532e-16,-1.0,-0.9749279121818236,-0.2225209339563146,0,1,0.04171195091370417,False,Faible
2026-06-07,6,6,2026,7,2,1,1,0,1.2246467991473532e-16,-1.0,-0.7818314824680299,0.6234898018587334,0,1,0.26198336613103795,False,Faible
2026-06-08,6,0,2026,8,2,0,0,0,1.2246467991473532e-16,-1.0,0.0,1.0,0,1,0.5119782853528282,False,Eleve
2026-06-09,6,1,2026,9,2,0,0,0,1.2246467991473532e-16,-1.0,0.7818314824680298,0.6234898018587336,0,1,0.5350070647896966,False,Eleve
2026-06-10,6,2,2026,10,2,0,0,0,1.2246467991473532e-16,-1.0,0.9749279121818236,-0.22252093395631434,0,1,0.2470901821106869,False,Faible
2026-06-11,6,3,2026,11,2,0,0,0,1.2246467991473532e-16,-1.0,0.43388373911755823,-0.900968867902419,0,1,0.10961156266405074,False,Faible
2026-06-12,6,4,2026,12,2,0,0,0,1.2246467991473532e-16,-1.0,-0.433883739117558,-0.9009688679024191,0,1,0.048879381419861846,False,Faible
2026-06-13,6,5,2026,13,2,1,0,0,1.2246467991473532e-16,-1.0,-0.9749279121818236,-0.2225209339563146,0,1,0.06375984784365506,False,Faible
2026-06-14,6,6,2026,14,2,1,0,0,1.2246467991473532e-16,-1.0,-0.7818314824680299,0.6234898018587334,0,1,0.5203506599872044,False,Eleve
2026-06-15,6,0,2026,15,2,0,0,0,1.2246467991473532e-16,-1.0,0.0,1.0,0,1,0.5119782853528282,False,Eleve
2026-06-16,6,1,2026,16,2,0,0,0,1.2246467991473532e-16,-1.0,0.7818314824680298,0.6234898018587336,0,1,0.5350070647896964,False,Eleve
2026-06-17,6,2,2026,17,2,0,0,0,1.2246467991473532e-16,-1.0,0.9749279121818236,-0.22252093395631434,0,1,0.24709018211068695,False,Faible
2026-06-18,6,3,2026,18,2,0,0,0,1.2246467991473532e-16,-1.0,0.43388373911755823,-0.900968867902419,0,1,0.10961156266405074,False,Faible
2026-06-19,6,4,2026,19,2,0,0,0,1.2246467991473532e-16,-1.0,-0.433883739117558,-0.9009688679024191,0,1,0.048879381419861846,False,Faible
2026-06-20,6,5,2026,20,2,1,0,0,1.2246467991473532e-16,-1.0,-0.9749279121818236,-0.2225209339563146,0,1,0.06375984784365506,False,Faible
2026-06-21,6,6,2026,21,2,1,0,0,1.2246467991473532e-16,-1.0,-0.7818314824680299,0.6234898018587334,0,1,0.5203506599872044,False,Eleve
2026-06-22,6,0,2026,22,2,0,0,0,1.2246467991473532e-16,-1.0,0.0,1.0,0,1,0.5119782853528283,False,Eleve
2026-06-23,6,1,2026,23,2,0,0,0,1.2246467991473532e-16,-1.0,0.7818314824680298,0.6234898018587336,0,1,0.5350070647896966,False,Eleve
2026-06-24,6,2,2026,24,2,0,0,0,1.2246467991473532e-16,-1.0,0.9749279121818236,-0.22252093395631434,0,1,0.24709018211068687,False,Faible
2026-06-25,6,3,2026,25,2,0,0,1,1.2246467991473532e-16,-1.0,0.43388373911755823,-0.900968867902419,0,1,0.10782184022885817,False,Faible
2026-06-26,6,4,2026,26,2,0,0,1,1.2246467991473532e-16,-1.0,-0.433883739117558,-0.9009688679024191,0,0,0.0339485260568116,False,Faible
2026-06-27,6,5,2026,27,2,1,0,1,1.2246467991473532e-16,-1.0,-0.9749279121818236,-0.2225209339563146,0,0,0.07681632873311131,False,Faible
2026-06-28,6,6,2026,28,2,1,0,1,1.2246467991473532e-16,-1.0,-0.7818314824680299,0.6234898018587334,0,0,0.04536448836846269,False,Faible
2026-06-29,6,0,2026,29,2,0,0,1,1.2246467991473532e-16,-1.0,0.0,1.0,0,0,0.06891623697575343,False,Faible
2026-06-30,6,1,2026,30,2,0,0,1,1.2246467991473532e-16,-1.0,0.7818314824680298,0.6234898018587336,0,0,0.20477498461812188,False,Faible
2026-07-01,7,2,2026,1,3,0,1,0,-0.4999999999999997,-0.8660254037844388,0.9749279121818236,-0.22252093395631434,0,0,0.24333568456389315,False,Faible
2026-07-02,7,3,2026,2,3,0,1,0,-0.4999999999999997,-0.8660254037844388,0.43388373911755823,-0.900968867902419,0,0,0.13872000819962985,False,Faible
2026-07-03,7,4,2026,3,3,0,1,0,-0.4999999999999997,-0.8660254037844388,-0.433883739117558,-0.9009688679024191,0,0,0.17465557601167256,False,Faible
2026-07-04,7,5,2026,4,3,1,1,0,-0.4999999999999997,-0.8660254037844388,-0.9749279121818236,-0.2225209339563146,0,0,0.1937776908337221,False,Faible
2026-07-05,7,6,2026,5,3,1,1,0,-0.4999999999999997,-0.8660254037844388,-0.7818314824680299,0.6234898018587334,0,0,0.122664453783256,False,Faible
2026-07-06,7,0,2026,6,3,0,1,0,-0.4999999999999997,-0.8660254037844388,0.0,1.0,0,0,0.17377103624937137,False,Faible
2026-07-07,7,1,2026,7,3,0,1,0,-0.4999999999999997,-0.8660254037844388,0.7818314824680298,0.6234898018587336,0,0,0.5844931078825688,True,Eleve
2026-07-08,7,2,2026,8,3,0,0,0,-0.4999999999999997,-0.8660254037844388,0.9749279121818236,-0.22252093395631434,1,1,0.08870144883676408,False,Faible
2026-07-09,7,3,2026,9,3,0,0,0,-0.4999999999999997,-0.8660254037844388,0.43388373911755823,-0.900968867902419,1,1,0.06854473392095152,False,Faible
2026-07-10,7,4,2026,10,3,0,0,0,-0.4999999999999997,-0.8660254037844388,-0.433883739117558,-0.9009688679024191,1,1,0.049088889900591265,False,Faible
2026-07-11,7,5,2026,11,3,1,0,0,-0.4999999999999997,-0.8660254037844388,-0.9749279121818236,-0.2225209339563146,1,1,0.05277914090122273,False,Faible
2026-07-12,7,6,2026,12,3,1,0,0,-0.4999999999999997,-0.8660254037844388,-0.7818314824680299,0.6234898018587334,1,1,0.027602363502291737,False,Faible
2026-07-13,7,0,2026,13,3,0,0,0,-0.4999999999999997,-0.8660254037844388,0.0,1.0,1,1,0.11696950065292848,False,Faible
2026-07-14,7,1,2026,14,3,0,0,0,-0.4999999999999997,-0.8660254037844388,0.7818314824680298,0.6234898018587336,1,1,0.17727423378112242,False,Faible
2026-07-15,7,2,2026,15,3,0,0,0,-0.4999999999999997,-0.8660254037844388,0.9749279121818236,-0.22252093395631434,0,1,0.3076115791973052,False,Modere
2026-07-16,7,3,2026,16,3,0,0,0,-0.4999999999999997,-0.8660254037844388,0.43388373911755823,-0.900968867902419,0,1,0.1586403999404919,False,Faible
2026-07-17,7,4,2026,17,3,0,0,0,-0.4999999999999997,-0.8660254037844388,-0.433883739117558,-0.9009688679024191,0,1,0.1559512383116826,False,Faible
2026-07-18,7,5,2026,18,3,1,0,0,-0.4999999999999997,-0.8660254037844388,-0.9749279121818236,-0.2225209339563146,0,1,0.17397311546112457,False,Faible
2026-07-19,7,6,2026,19,3,1,0,0,-0.4999999999999997,-0.8660254037844388,-0.7818314824680299,0.6234898018587334,0,1,0.0978670864661793,False,Faible
2026-07-20,7,0,2026,20,3,0,0,0,-0.4999999999999997,-0.8660254037844388,0.0,1.0,0,1,0.24649477534561162,False,Faible
2026-07-21,7,1,2026,21,3,0,0,0,-0.4999999999999997,-0.8660254037844388,0.7818314824680298,0.6234898018587336,0,1,0.5235772615110568,False,Eleve
2026-07-22,7,2,2026,22,3,0,0,0,-0.4999999999999997,-0.8660254037844388,0.9749279121818236,-0.22252093395631434,0,1,0.3076115791973052,False,Modere
2026-07-23,7,3,2026,23,3,0,0,0,-0.4999999999999997,-0.8660254037844388,0.43388373911755823,-0.900968867902419,0,1,0.15864039994049192,False,Faible
2026-07-24,7,4,2026,24,3,0,0,0,-0.4999999999999997,-0.8660254037844388,-0.433883739117558,-0.9009688679024191,0,1,0.1559512383116826,False,Faible
2026-07-25,7,5,2026,25,3,1,0,1,-0.4999999999999997,-0.8660254037844388,-0.9749279121818236,-0.2225209339563146,0,1,0.07324859816829306,False,Faible
2026-07-26,7,6,2026,26,3,1,0,1,-0.4999999999999997,-0.8660254037844388,-0.7818314824680299,0.6234898018587334,0,1,0.028501208448409775,False,Faible
2026-07-27,7,0,2026,27,3,0,0,1,-0.4999999999999997,-0.8660254037844388,0.0,1.0,0,1,0.20964704064413361,False,Faible
2026-07-28,7,1,2026,28,3,0,0,1,-0.4999999999999997,-0.8660254037844388,0.7818314824680298,0.6234898018587336,0,1,0.6532825028192589,True,Eleve
2026-07-29,7,2,2026,29,3,0,0,1,-0.4999999999999997,-0.8660254037844388,0.9749279121818236,-0.22252093395631434,1,2,0.05747239161724328,False,Faible
2026-07-30,7,3,2026,30,3,0,0,1,-0.4999999999999997,-0.8660254037844388,0.43388373911755823,-0.900968867902419,1,2,0.09529456202949448,False,Faible
2026-07-31,7,4,2026,31,3,0,0,1,-0.4999999999999997,-0.8660254037844388,-0.433883739117558,-0.9009688679024191,1,2,0.01746249000387547,False,Faible
2026-08-01,8,5,2026,1,3,1,1,0,-0.8660254037844385,-0.5000000000000004,-0.9749279121818236,-0.2225209339563146,1,2,0.013172540794058881,False,Faible
2026-08-02,8,6,2026,2,3,1,1,0,-0.8660254037844385,-0.5000000000000004,-0.7818314824680299,0.6234898018587334,1,2,0.001309441126082327,False,Faible
2026-08-03,8,0,2026,3,3,0,1,0,-0.8660254037844385,-0.5000000000000004,0.0,1.0,1,2,0.13589932978074953,False,Faible
2026-08-04,8,1,2026,4,3,0,1,0,-0.8660254037844385,-0.5000000000000004,0.7818314824680298,0.6234898018587336,1,2,0.10943571264509368,False,Faible
2026-08-05,8,2,2026,5,3,0,1,0,-0.8660254037844385,-0.5000000000000004,0.9749279121818236,-0.22252093395631434,0,2,0.05725758377791332,False,Faible
2026-08-06,8,3,2026,6,3,0,1,0,-0.8660254037844385,-0.5000000000000004,0.43388373911755823,-0.900968867902419,0,2,0.20010694017579375,False,Faible
2026-08-07,8,4,2026,7,3,0,1,0,-0.8660254037844385,-0.5000000000000004,-0.433883739117558,-0.9009688679024191,0,1,0.09086197283547523,False,Faible
2026-08-08,8,5,2026,8,3,1,0,0,-0.8660254037844385,-0.5000000000000004,-0.9749279121818236,-0.2225209339563146,0,1,0.09246806222990073,False,Faible
2026-08-09,8,6,2026,9,3,1,0,0,-0.8660254037844385,-0.5000000000000004,-0.7818314824680299,0.6234898018587334,0,1,0.039732537334959246,False,Faible
2026-08-10,8,0,2026,10,3,0,0,0,-0.8660254037844385,-0.5000000000000004,0.0,1.0,0,1,0.3578040769857853,False,Modere
2026-08-11,8,1,2026,11,3,0,0,0,-0.8660254037844385,-0.5000000000000004,0.7818314824680298,0.6234898018587336,0,1,0.1541267915330935,False,Faible
2026-08-12,8,2,2026,12,3,0,0,0,-0.8660254037844385,-0.5000000000000004,0.9749279121818236,-0.22252093395631434,0,1,0.10320269796515215,False,Faible
2026-08-13,8,3,2026,13,3,0,0,0,-0.8660254037844385,-0.5000000000000004,0.43388373911755823,-0.900968867902419,0,1,0.23315030184793334,False,Faible
2026-08-14,8,4,2026,14,3,0,0,0,-0.8660254037844385,-0.5000000000000004,-0.433883739117558,-0.9009688679024191,0,1,0.0959927382268297,False,Faible
2026-08-15,8,5,2026,15,3,1,0,0,-0.8660254037844385,-0.5000000000000004,-0.9749279121818236,-0.2225209339563146,0,1,0.09246806222990075,False,Faible
2026-08-16,8,6,2026,16,3,1,0,0,-0.8660254037844385,-0.5000000000000004,-0.7818314824680299,0.6234898018587334,0,1,0.03973253733495924,False,Faible
2026-08-17,8,0,2026,17,3,0,0,0,-0.8660254037844385,-0.5000000000000004,0.0,1.0,0,1,0.3578040769857853,False,Modere
2026-08-18,8,1,2026,18,3,0,0,0,-0.8660254037844385,-0.5000000000000004,0.7818314824680298,0.6234898018587336,0,1,0.1541267915330935,False,Faible
2026-08-19,8,2,2026,19,3,0,0,0,-0.8660254037844385,-0.5000000000000004,0.9749279121818236,-0.22252093395631434,0,1,0.10320269796515215,False,Faible
2026-08-20,8,3,2026,20,3,0,0,0,-0.8660254037844385,-0.5000000000000004,0.43388373911755823,-0.900968867902419,0,1,0.23315030184793326,False,Faible
2026-08-21,8,4,2026,21,3,0,0,0,-0.8660254037844385,-0.5000000000000004,-0.433883739117558,-0.9009688679024191,0,1,0.0959927382268297,False,Faible
2026-08-22,8,5,2026,22,3,1,0,0,-0.8660254037844385,-0.5000000000000004,-0.9749279121818236,-0.2225209339563146,0,1,0.09246806222990074,False,Faible
2026-08-23,8,6,2026,23,3,1,0,0,-0.8660254037844385,-0.5000000000000004,-0.7818314824680299,0.6234898018587334,0,1,0.03973253733495924,False,Faible
2026-08-24,8,0,2026,24,3,0,0,0,-0.8660254037844385,-0.5000000000000004,0.0,1.0,0,1,0.3578040769857853,False,Modere
2026-08-25,8,1,2026,25,3,0,0,1,-0.8660254037844385,-0.5000000000000004,0.7818314824680298,0.6234898018587336,0,1,0.2995647056192694,False,Faible
2026-08-26,8,2,2026,26,3,0,0,1,-0.8660254037844385,-0.5000000000000004,0.9749279121818236,-0.22252093395631434,0,1,0.12350045579159712,False,Faible
2026-08-27,8,3,2026,27,3,0,0,1,-0.8660254037844385,-0.5000000000000004,0.43388373911755823,-0.900968867902419,0,1,0.18718195854350195,False,Faible
2026-08-28,8,4,2026,28,3,0,0,1,-0.8660254037844385,-0.5000000000000004,-0.433883739117558,-0.9009688679024191,0,0,0.5170174663823176,False,Eleve
2026-08-29,8,5,2026,29,3,1,0,1,-0.8660254037844385,-0.5000000000000004,-0.9749279121818236,-0.2225209339563146,0,0,0.05977712822814695,False,Faible
2026-08-30,8,6,2026,30,3,1,0,1,-0.8660254037844385,-0.5000000000000004,-0.7818314824680299,0.6234898018587334,0,0,0.012631389568348096,False,Faible
2026-08-31,8,0,2026,31,3,0,0,1,-0.8660254037844385,-0.5000000000000004,0.0,1.0,0,0,0.1705234788815667,False,Faible
2026-09-01,9,1,2026,1,3,0,1,0,-1.0,-1.8369701987210297e-16,0.7818314824680298,0.6234898018587336,0,0,0.09197364209541804,False,Faible
2026-09-02,9,2,2026,2,3,0,1,0,-1.0,-1.8369701987210297e-16,0.9749279121818236,-0.22252093395631434,0,0,0.1547774579199082,False,Faible
2026-09-03,9,3,2026,3,3,0,1,0,-1.0,-1.8369701987210297e-16,0.43388373911755823,-0.900968867902419,0,0,0.19431414235794264,False,Faible
2026-09-04,9,4,2026,4,3,0,1,0,-1.0,-1.8369701987210297e-16,-0.433883739117558,-0.9009688679024191,0,0,0.05760900344252223,False,Faible
2026-09-05,9,5,2026,5,3,1,1,0,-1.0,-1.8369701987210297e-16,-0.9749279121818236,-0.2225209339563146,0,0,0.15953130699609366,False,Faible
2026-09-06,9,6,2026,6,3,1,1,0,-1.0,-1.8369701987210297e-16,-0.7818314824680299,0.6234898018587334,0,0,0.024285560280018215,False,Faible
2026-09-07,9,0,2026,7,3,0,1,0,-1.0,-1.8369701987210297e-16,0.0,1.0,0,0,0.5420004868101379,False,Eleve
2026-09-08,9,1,2026,8,3,0,0,0,-1.0,-1.8369701987210297e-16,0.7818314824680298,0.6234898018587336,0,0,0.12356975111899283,False,Faible
2026-09-09,9,2,2026,9,3,0,0,0,-1.0,-1.8369701987210297e-16,0.9749279121818236,-0.22252093395631434,0,0,0.49039980692532537,False,Modere
2026-09-10,9,3,2026,10,3,0,0,0,-1.0,-1.8369701987210297e-16,0.43388373911755823,-0.900968867902419,0,0,0.5914713442852374,True,Eleve
2026-09-11,9,4,2026,11,3,0,0,0,-1.0,-1.8369701987210297e-16,-0.433883739117558,-0.9009688679024191,1,1,0.521813749355807,False,Eleve
2026-09-12,9,5,2026,12,3,1,0,0,-1.0,-1.8369701987210297e-16,-0.9749279121818236,-0.2225209339563146,1,1,0.18886285288633986,False,Faible
2026-09-13,9,6,2026,13,3,1,0,0,-1.0,-1.8369701987210297e-16,-0.7818314824680299,0.6234898018587334,1,1,0.0200922352612281,False,Faible
2026-09-14,9,0,2026,14,3,0,0,0,-1.0,-1.8369701987210297e-16,0.0,1.0,1,1,0.22027393400044284,False,Faible
2026-09-15,9,1,2026,15,3,0,0,0,-1.0,-1.8369701987210297e-16,0.7818314824680298,0.6234898018587336,1,1,0.07546096678041969,False,Faible
2026-09-16,9,2,2026,16,3,0,0,0,-1.0,-1.8369701987210297e-16,0.9749279121818236,-0.22252093395631434,1,1,0.05138635594899384,False,Faible
2026-09-17,9,3,2026,17,3,0,0,0,-1.0,-1.8369701987210297e-16,0.43388373911755823,-0.900968867902419,1,1,0.12520566660878266,False,Faible
2026-09-18,9,4,2026,18,3,0,0,0,-1.0,-1.8369701987210297e-16,-0.433883739117558,-0.9009688679024191,0,1,0.2218868277588386,False,Faible
2026-09-19,9,5,2026,19,3,1,0,0,-1.0,-1.8369701987210297e-16,-0.9749279121818236,-0.2225209339563146,0,1,0.5290835633462195,False,Eleve
2026-09-20,9,6,2026,20,3,1,0,0,-1.0,-1.8369701987210297e-16,-0.7818314824680299,0.6234898018587334,0,1,0.055136008112905574,False,Faible
2026-09-21,9,0,2026,21,3,0,0,0,-1.0,-1.8369701987210297e-16,0.0,1.0,0,1,0.18011958031156208,False,Faible
2026-09-22,9,1,2026,22,3,0,0,0,-1.0,-1.8369701987210297e-16,0.7818314824680298,0.6234898018587336,0,1,0.1000730811417765,False,Faible
2026-09-23,9,2,2026,23,3,0,0,0,-1.0,-1.8369701987210297e-16,0.9749279121818236,-0.22252093395631434,0,1,0.14363857654555698,False,Faible
2026-09-24,9,3,2026,24,3,0,0,0,-1.0,-1.8369701987210297e-16,0.43388373911755823,-0.900968867902419,0,1,0.26567921451389975,False,Faible
2026-09-25,9,4,2026,25,3,0,0,1,-1.0,-1.8369701987210297e-16,-0.433883739117558,-0.9009688679024191,0,1,0.324417235936763,False,Modere
2026-09-26,9,5,2026,26,3,1,0,1,-1.0,-1.8369701987210297e-16,-0.9749279121818236,-0.2225209339563146,0,1,0.16128941279931308,False,Faible
2026-09-27,9,6,2026,27,3,1,0,1,-1.0,-1.8369701987210297e-16,-0.7818314824680299,0.6234898018587334,0,1,0.02760400072191694,False,Faible
2026-09-28,9,0,2026,28,3,0,0,1,-1.0,-1.8369701987210297e-16,0.0,1.0,0,1,0.2032455552765018,False,Faible
2026-09-29,9,1,2026,29,3,0,0,1,-1.0,-1.8369701987210297e-16,0.7818314824680298,0.6234898018587336,0,1,0.18917713812092476,False,Faible
2026-09-30,9,2,2026,30,3,0,0,1,-1.0,-1.8369701987210297e-16,0.9749279121818236,-0.22252093395631434,0,1,0.13303826993110288,False,Faible
2026-10-01,10,3,2026,1,4,0,1,0,-0.8660254037844386,0.5000000000000001,0.43388373911755823,-0.900968867902419,0,1,0.535627392218555,False,Eleve
2026-10-02,10,4,2026,2,4,0,1,0,-0.8660254037844386,0.5000000000000001,-0.433883739117558,-0.9009688679024191,0,1,0.11465978232537478,False,Faible
2026-10-03,10,5,2026,3,4,1,1,0,-0.8660254037844386,0.5000000000000001,-0.9749279121818236,-0.2225209339563146,0,1,0.29108012295298136,False,Faible
2026-10-04,10,6,2026,4,4,1,1,0,-0.8660254037844386,0.5000000000000001,-0.7818314824680299,0.6234898018587334,0,1,0.044943155727499774,False,Faible
2026-10-05,10,0,2026,5,4,0,1,0,-0.8660254037844386,0.5000000000000001,0.0,1.0,0,1,0.16750536572905686,False,Faible
2026-10-06,10,1,2026,6,4,0,1,0,-0.8660254037844386,0.5000000000000001,0.7818314824680298,0.6234898018587336,0,1,0.12087331506337826,False,Faible
2026-10-07,10,2,2026,7,4,0,1,0,-0.8660254037844386,0.5000000000000001,0.9749279121818236,-0.22252093395631434,0,1,0.12178930166079929,False,Faible
2026-10-08,10,3,2026,8,4,0,0,0,-0.8660254037844386,0.5000000000000001,0.43388373911755823,-0.900968867902419,0,1,0.38504930532975357,False,Modere
2026-10-09,10,4,2026,9,4,0,0,0,-0.8660254037844386,0.5000000000000001,-0.433883739117558,-0.9009688679024191,0,1,0.18840926220454882,False,Faible
2026-10-10,10,5,2026,10,4,1,0,0,-0.8660254037844386,0.5000000000000001,-0.9749279121818236,-0.2225209339563146,0,1,0.48660486790447843,False,Modere
2026-10-11,10,6,2026,11,4,1,0,0,-0.8660254037844386,0.5000000000000001,-0.7818314824680299,0.6234898018587334,0,0,0.0457244218219581,False,Faible
2026-10-12,10,0,2026,12,4,0,0,0,-0.8660254037844386,0.5000000000000001,0.0,1.0,0,0,0.4782614160993899,False,Modere
2026-10-13,10,1,2026,13,4,0,0,0,-0.8660254037844386,0.5000000000000001,0.7818314824680298,0.6234898018587336,0,0,0.19662380136219368,False,Faible
2026-10-14,10,2,2026,14,4,0,0,0,-0.8660254037844386,0.5000000000000001,0.9749279121818236,-0.22252093395631434,0,0,0.5166410500527718,False,Eleve
2026-10-15,10,3,2026,15,4,0,0,0,-0.8660254037844386,0.5000000000000001,0.43388373911755823,-0.900968867902419,0,0,0.5891624522152163,True,Eleve
2026-10-16,10,4,2026,16,4,0,0,0,-0.8660254037844386,0.5000000000000001,-0.433883739117558,-0.9009688679024191,1,1,0.11893791947836722,False,Faible
2026-10-17,10,5,2026,17,4,1,0,0,-0.8660254037844386,0.5000000000000001,-0.9749279121818236,-0.2225209339563146,1,1,0.14846821112787395,False,Faible
2026-10-18,10,6,2026,18,4,1,0,0,-0.8660254037844386,0.5000000000000001,-0.7818314824680299,0.6234898018587334,1,1,0.036598057361893,False,Faible
2026-10-19,10,0,2026,19,4,0,0,0,-0.8660254037844386,0.5000000000000001,0.0,1.0,1,1,0.27030977137121653,False,Faible
2026-10-20,10,1,2026,20,4,0,0,0,-0.8660254037844386,0.5000000000000001,0.7818314824680298,0.6234898018587336,1,1,0.2137381949855279,False,Faible
2026-10-21,10,2,2026,21,4,0,0,0,-0.8660254037844386,0.5000000000000001,0.9749279121818236,-0.22252093395631434,1,1,0.09999364359947496,False,Faible
2026-10-22,10,3,2026,22,4,0,0,0,-0.8660254037844386,0.5000000000000001,0.43388373911755823,-0.900968867902419,1,1,0.16717965977567267,False,Faible
2026-10-23,10,4,2026,23,4,0,0,0,-0.8660254037844386,0.5000000000000001,-0.433883739117558,-0.9009688679024191,0,1,0.18840926220454882,False,Faible
2026-10-24,10,5,2026,24,4,1,0,0,-0.8660254037844386,0.5000000000000001,-0.9749279121818236,-0.2225209339563146,0,1,0.48660486790447854,False,Modere
2026-10-25,10,6,2026,25,4,1,0,1,-0.8660254037844386,0.5000000000000001,-0.7818314824680299,0.6234898018587334,0,1,0.03439381410271781,False,Faible
2026-10-26,10,0,2026,26,4,0,0,1,-0.8660254037844386,0.5000000000000001,0.0,1.0,0,1,0.2721423275466095,False,Faible
2026-10-27,10,1,2026,27,4,0,0,1,-0.8660254037844386,0.5000000000000001,0.7818314824680298,0.6234898018587336,0,1,0.544397849287175,False,Eleve
2026-10-28,10,2,2026,28,4,0,0,1,-0.8660254037844386,0.5000000000000001,0.9749279121818236,-0.22252093395631434,0,1,0.22444648107045334,False,Faible
2026-10-29,10,3,2026,29,4,0,0,1,-0.8660254037844386,0.5000000000000001,0.43388373911755823,-0.900968867902419,0,1,0.268133922087212,False,Faible
2026-10-30,10,4,2026,30,4,0,0,1,-0.8660254037844386,0.5000000000000001,-0.433883739117558,-0.9009688679024191,0,1,0.5782609258622288,True,Eleve
2026-10-31,10,5,2026,31,4,1,0,1,-0.8660254037844386,0.5000000000000001,-0.9749279121818236,-0.2225209339563146,1,2,0.02857352749791365,False,Faible
2026-11-01,11,6,2026,1,4,1,1,0,-0.5000000000000004,0.8660254037844384,-0.7818314824680299,0.6234898018587334,1,2,0.003927982296594898,False,Faible
2026-11-02,11,0,2026,2,4,0,1,0,-0.5000000000000004,0.8660254037844384,0.0,1.0,1,2,0.12925091109408324,False,Faible
2026-11-03,11,1,2026,3,4,0,1,0,-0.5000000000000004,0.8660254037844384,0.7818314824680298,0.6234898018587336,1,2,0.244498041564082,False,Faible
2026-11-04,11,2,2026,4,4,0,1,0,-0.5000000000000004,0.8660254037844384,0.9749279121818236,-0.22252093395631434,1,2,0.5807432371231228,True,Eleve
2026-11-05,11,3,2026,5,4,0,1,0,-0.5000000000000004,0.8660254037844384,0.43388373911755823,-0.900968867902419,2,3,0.09113531185785695,False,Faible
2026-11-06,11,4,2026,6,4,0,1,0,-0.5000000000000004,0.8660254037844384,-0.433883739117558,-0.9009688679024191,2,3,0.010358776214478227,False,Faible
2026-11-07,11,5,2026,7,4,1,1,0,-0.5000000000000004,0.8660254037844384,-0.9749279121818236,-0.2225209339563146,1,3,0.011859620108364251,False,Faible
2026-11-08,11,6,2026,8,4,1,0,0,-0.5000000000000004,0.8660254037844384,-0.7818314824680299,0.6234898018587334,1,3,0.009312243111941378,False,Faible
2026-11-09,11,0,2026,9,4,0,0,0,-0.5000000000000004,0.8660254037844384,0.0,1.0,1,3,0.27133246223634117,False,Faible
2026-11-10,11,1,2026,10,4,0,0,0,-0.5000000000000004,0.8660254037844384,0.7818314824680298,0.6234898018587336,1,3,0.14698574337827836,False,Faible
2026-11-11,11,2,2026,11,4,0,0,0,-0.5000000000000004,0.8660254037844384,0.9749279121818236,-0.22252093395631434,1,3,0.15452350951241395,False,Faible
2026-11-12,11,3,2026,12,4,0,0,0,-0.5000000000000004,0.8660254037844384,0.43388373911755823,-0.900968867902419,0,3,0.5794506916652563,True,Eleve
2026-11-13,11,4,2026,13,4,0,0,0,-0.5000000000000004,0.8660254037844384,-0.433883739117558,-0.9009688679024191,1,4,0.012228346690113513,False,Faible
2026-11-14,11,5,2026,14,4,1,0,0,-0.5000000000000004,0.8660254037844384,-0.9749279121818236,-0.2225209339563146,1,4,0.00634612021083995,False,Faible
2026-11-15,11,6,2026,15,4,1,0,0,-0.5000000000000004,0.8660254037844384,-0.7818314824680299,0.6234898018587334,1,3,0.009312243111941378,False,Faible
2026-11-16,11,0,2026,16,4,0,0,0,-0.5000000000000004,0.8660254037844384,0.0,1.0,1,3,0.27133246223634117,False,Faible
2026-11-17,11,1,2026,17,4,0,0,0,-0.5000000000000004,0.8660254037844384,0.7818314824680298,0.6234898018587336,1,3,0.14698574337827836,False,Faible
2026-11-18,11,2,2026,18,4,0,0,0,-0.5000000000000004,0.8660254037844384,0.9749279121818236,-0.22252093395631434,1,3,0.15452350951241395,False,Faible
2026-11-19,11,3,2026,19,4,0,0,0,-0.5000000000000004,0.8660254037844384,0.43388373911755823,-0.900968867902419,1,3,0.31467382860314813,False,Modere
2026-11-20,11,4,2026,20,4,0,0,0,-0.5000000000000004,0.8660254037844384,-0.433883739117558,-0.9009688679024191,0,3,0.08400919841377749,False,Faible
2026-11-21,11,5,2026,21,4,1,0,0,-0.5000000000000004,0.8660254037844384,-0.9749279121818236,-0.2225209339563146,0,3,0.02368913522404978,False,Faible
2026-11-22,11,6,2026,22,4,1,0,0,-0.5000000000000004,0.8660254037844384,-0.7818314824680299,0.6234898018587334,0,3,0.08155533611294415,False,Faible
2026-11-23,11,0,2026,23,4,0,0,0,-0.5000000000000004,0.8660254037844384,0.0,1.0,0,3,0.5168736281380599,False,Eleve
2026-11-24,11,1,2026,24,4,0,0,0,-0.5000000000000004,0.8660254037844384,0.7818314824680298,0.6234898018587336,0,3,0.1616879686382503,False,Faible
2026-11-25,11,2,2026,25,4,0,0,1,-0.5000000000000004,0.8660254037844384,0.9749279121818236,-0.22252093395631434,0,3,0.14526135735758902,False,Faible
2026-11-26,11,3,2026,26,4,0,0,1,-0.5000000000000004,0.8660254037844384,0.43388373911755823,-0.900968867902419,0,3,0.3034640115022077,False,Modere
2026-11-27,11,4,2026,27,4,0,0,1,-0.5000000000000004,0.8660254037844384,-0.433883739117558,-0.9009688679024191,0,3,0.08419980412345351,False,Faible
2026-11-28,11,5,2026,28,4,1,0,1,-0.5000000000000004,0.8660254037844384,-0.9749279121818236,-0.2225209339563146,0,3,0.012151558924432648,False,Faible
2026-11-29,11,6,2026,29,4,1,0,1,-0.5000000000000004,0.8660254037844384,-0.7818314824680299,0.6234898018587334,0,3,0.02605133945131696,False,Faible
2026-11-30,11,0,2026,30,4,0,0,1,-0.5000000000000004,0.8660254037844384,0.0,1.0,0,2,0.11576571424143708,False,Faible
2026-12-01,12,1,2026,1,4,0,1,0,-2.4492935982947064e-16,1.0,0.7818314824680298,0.6234898018587336,0,2,0.5795943458521043,True,Eleve
2026-12-02,12,2,2026,2,4,0,1,0,-2.4492935982947064e-16,1.0,0.9749279121818236,-0.22252093395631434,1,3,0.09346483106112273,False,Faible
2026-12-03,12,3,2026,3,4,0,1,0,-2.4492935982947064e-16,1.0,0.43388373911755823,-0.900968867902419,1,3,0.1530246003136605,False,Faible
2026-12-04,12,4,2026,4,4,0,1,0,-2.4492935982947064e-16,1.0,-0.433883739117558,-0.9009688679024191,1,3,0.007716326621540832,False,Faible
2026-12-05,12,5,2026,5,4,1,1,0,-2.4492935982947064e-16,1.0,-0.9749279121818236,-0.2225209339563146,1,2,0.010468054980249391,False,Faible
2026-12-06,12,6,2026,6,4,1,1,0,-2.4492935982947064e-16,1.0,-0.7818314824680299,0.6234898018587334,1,2,0.007284523064139638,False,Faible
2026-12-07,12,0,2026,7,4,0,1,0,-2.4492935982947064e-16,1.0,0.0,1.0,1,2,0.06084643555540173,False,Faible
2026-12-08,12,1,2026,8,4,0,0,0,-2.4492935982947064e-16,1.0,0.7818314824680298,0.6234898018587336,1,2,0.18627887421720174,False,Faible
2026-12-09,12,2,2026,9,4,0,0,0,-2.4492935982947064e-16,1.0,0.9749279121818236,-0.22252093395631434,0,2,0.12950170702681377,False,Faible
2026-12-10,12,3,2026,10,4,0,0,0,-2.4492935982947064e-16,1.0,0.43388373911755823,-0.900968867902419,0,2,0.3109660452870505,False,Modere
2026-12-11,12,4,2026,11,4,0,0,0,-2.4492935982947064e-16,1.0,-0.433883739117558,-0.9009688679024191,0,2,0.036693982550194106,False,Faible
2026-12-12,12,5,2026,12,4,1,0,0,-2.4492935982947064e-16,1.0,-0.9749279121818236,-0.2225209339563146,0,2,0.050639679737554136,False,Faible
2026-12-13,12,6,2026,13,4,1,0,0,-2.4492935982947064e-16,1.0,-0.7818314824680299,0.6234898018587334,0,1,0.46992213742210376,False,Modere
2026-12-14,12,0,2026,14,4,0,0,0,-2.4492935982947064e-16,1.0,0.0,1.0,0,1,0.04196159640177368,False,Faible
2026-12-15,12,1,2026,15,4,0,0,0,-2.4492935982947064e-16,1.0,0.7818314824680298,0.6234898018587336,0,1,0.09129606901543541,False,Faible
2026-12-16,12,2,2026,16,4,0,0,0,-2.4492935982947064e-16,1.0,0.9749279121818236,-0.22252093395631434,0,1,0.14594487196925268,False,Faible
2026-12-17,12,3,2026,17,4,0,0,0,-2.4492935982947064e-16,1.0,0.43388373911755823,-0.900968867902419,0,1,0.23091026143451193,False,Faible
2026-12-18,12,4,2026,18,4,0,0,0,-2.4492935982947064e-16,1.0,-0.433883739117558,-0.9009688679024191,0,1,0.05174532254173143,False,Faible
2026-12-19,12,5,2026,19,4,1,0,0,-2.4492935982947064e-16,1.0,-0.9749279121818236,-0.2225209339563146,0,1,0.16327325404760387,False,Faible
2026-12-20,12,6,2026,20,4,1,0,0,-2.4492935982947064e-16,1.0,-0.7818314824680299,0.6234898018587334,0,1,0.46992213742210376,False,Modere
2026-12-21,12,0,2026,21,4,0,0,0,-2.4492935982947064e-16,1.0,0.0,1.0,0,1,0.04196159640177368,False,Faible
2026-12-22,12,1,2026,22,4,0,0,0,-2.4492935982947064e-16,1.0,0.7818314824680298,0.6234898018587336,0,1,0.09129606901543541,False,Faible
2026-12-23,12,2,2026,23,4,0,0,0,-2.4492935982947064e-16,1.0,0.9749279121818236,-0.22252093395631434,0,1,0.14594487196925268,False,Faible
2026-12-24,12,3,2026,24,4,0,0,0,-2.4492935982947064e-16,1.0,0.43388373911755823,-0.900968867902419,0,1,0.23091026143451193,False,Faible
2026-12-25,12,4,2026,25,4,0,0,1,-2.4492935982947064e-16,1.0,-0.433883739117558,-0.9009688679024191,0,1,0.03634283970918077,False,Faible
2026-12-26,12,5,2026,26,4,1,0,1,-2.4492935982947064e-16,1.0,-0.9749279121818236,-0.2225209339563146,0,1,0.04402952055690747,False,Faible
2026-12-27,12,6,2026,27,4,1,0,1,-2.4492935982947064e-16,1.0,-0.7818314824680299,0.6234898018587334,0,1,0.0881228939073016,False,Faible
2026-12-28,12,0,2026,28,4,0,0,1,-2.4492935982947064e-16,1.0,0.0,1.0,0,1,0.021748710433627527,False,Faible
2026-12-29,12,1,2026,29,4,0,0,1,-2.4492935982947064e-16,1.0,0.7818314824680298,0.6234898018587336,0,1,0.06756177108702856,False,Faible
2026-12-30,12,2,2026,30,4,0,0,1,-2.4492935982947064e-16,1.0,0.9749279121818236,-0.22252093395631434,0,1,0.09222413652672688,False,Faible
2026-12-31,12,3,2026,31,4,0,0,1,-2.4492935982947064e-16,1.0,0.43388373911755823,-0.900968867902419,0,1,0.07271030646295304,False,Faible
